{
  "1,1,1|N": 0.16094215901182646,
  "1,1,1|S": 0.40927471821485917,
  "1,1,1|E": 0.31518109232220193,
  "1,1,1|O": 0.16296073159539848,
  "1,1,1|F": 0.16345480461659567,
  "1,1,0|F": 0.3361638750205246,
  "1,1,0|N": 0.2756819567018666,
  "0,1,1|N": 0.39726285827904784,
  "0,1,1|S": 7.901484507476338,
  "0,1,1|O": 0.3447460806529301,
  "0,1,1|F": 0.4227306556744834,
  "0,0,1|N": 1.4714652482539305,
  "0,0,1|F": 9.387325491879682,
  "0,0,1|O": 0.9911727553866931,
  "1,0,1|N": 0.35374107339520755,
  "1,1,0|E": 0.520920455384315,
  "1,1,0|S": 0.4958040204690144,
  "1,1,0|O": 0.2696464902534069,
  "1,0,1|E": 0.7341048352583011,
  "1,0,1|O": 0.24633856939571208,
  "1,0,1|F": 0.2677903086256715
}