{
  "1,1,1|S": 0.7422961832674577,
  "1,1,1|N": -0.19510735740820107,
  "1,1,1|E": 2.299881537273337,
  "1,1,1|O": 0.25127475656686726,
  "1,1,1|F": 0.25484367464682933,
  "0,1,1|S": 7.109777594930076,
  "0,1,1|N": 0.5045895746596227,
  "0,1,1|O": 0.3749945878059694,
  "0,1,1|F": 0.5131265597878931,
  "0,0,1|N": 3.751390087157158,
  "0,0,1|O": 0.459173827522745,
  "1,0,1|N": -0.09561025803518054,
  "1,1,0|F": -0.09970624561271868,
  "1,1,0|N": -0.12662916831524973,
  "1,1,0|E": 0.2843830840157094,
  "1,1,0|O": -0.014394548176570932,
  "1,0,1|E": 4.806393867157865,
  "1,0,1|O": 0.41111894001403515,
  "1,0,1|F": 0.17647858714394296,
  "1,1,0|S": 0.805379261987131,
  "0,0,1|F": 9.137670124341582
}