{
  "1,1,1|S": -1.3241888630839693e-05,
  "1,1,1|N": -0.53200399878949,
  "1,1,1|E": 0.04346714835580944,
  "1,1,1|O": 0.026227720648702865,
  "1,1,1|F": -0.03893925350643697,
  "0,1,1|S": 1.0097981846510162,
  "0,1,1|N": 0.9484396626208161,
  "0,1,1|O": 1.01765396389954,
  "0,1,1|F": 1.0160468177181015,
  "0,0,1|N": 2.690356239105844,
  "0,0,1|O": 0.41662403687407434,
  "1,0,1|N": -0.09561025803518054,
  "1,1,0|F": -0.09970624561271868,
  "1,1,0|N": -0.12662916831524973,
  "1,1,0|E": -0.004985945097545432,
  "1,1,0|O": -0.014394548176570932,
  "1,0,1|E": 1.2289578184298273,
  "1,0,1|O": 0.6901273935988854,
  "1,0,1|F": -0.1,
  "1,1,0|S": 0.8886453114669092
}