{
  "1,1,1|F": 0.5699553051144683,
  "1,1,1|N": 0.6329100365778954,
  "1,1,1|S": 2.286969212369007,
  "1,1,1|E": 0.6428626490504428,
  "1,1,1|O": 0.6244865038366643,
  "0,1,1|S": 1.0932144441343024,
  "0,1,1|N": 1.150128754029223,
  "0,1,1|O": 1.132357987368618,
  "0,1,1|F": 1.038518173164574,
  "0,0,1|N": 1.3390345747024153,
  "0,0,1|O": 2.248377453802159,
  "0,0,1|F": 4.859544957458503,
  "1,1,0|N": -0.18039505527321387,
  "1,1,0|E": 0.981380976916196,
  "1,1,0|O": 0.8230702194434035,
  "1,1,0|S": 1.3723849196289648,
  "1,1,0|F": -0.19781366866148523,
  "1,0,1|N": -0.09020911244099016,
  "1,0,1|E": 5.694754183722299,
  "1,0,1|O": 0.7677724736781453,
  "1,0,1|F": 0.8811993615214848
}