{
  "1,1,1|F": 1.604709492427495,
  "1,1,1|S": 0.7025127269088238,
  "1,1,1|N": 0.6442065777760144,
  "1,1,1|E": 2.2308630723109744,
  "1,1,0|F": 0.8722960924776524,
  "1,1,0|O": 0.8614692098381808,
  "1,0,1|N": 0.8548302147232714,
  "1,0,1|E": 0.7408603591069655,
  "1,0,1|F": 0.7346822370975924,
  "0,0,1|N": 1.0480368271387492,
  "0,1,1|O": 0.8218332819386851,
  "0,0,1|O": 0.8111112123739771,
  "0,0,1|F": 1.0662672091019325,
  "0,1,1|N": 0.8281013283300775,
  "1,1,1|O": 1.5526318012956024,
  "1,1,0|N": 0.8707769795322621,
  "1,1,0|S": 0.9044387538661807,
  "1,1,0|E": 0.9512563292745715,
  "0,1,1|S": 2.6362389783100175,
  "0,1,1|F": 1.8739026735061524,
  "1,0,1|O": 0.7456589497522833
}