{
  "1,1,1|S": 0.11824822603178381,
  "1,1,1|N": 0.0898718999510527,
  "1,1,1|E": 0.1423321168176026,
  "1,1,1|O": 0.1348766132783731,
  "1,1,1|F": 0.10890956703784857,
  "1,1,0|N": -0.06131034145585424,
  "1,1,0|E": 0.09910436653745056,
  "1,0,1|N": 0.2192397392265985,
  "1,0,1|E": 5.306157155858117,
  "1,0,1|O": 0.16145808448501053,
  "1,0,1|F": 0.21746893947146026,
  "1,1,0|O": -0.04872502352181325,
  "1,1,0|F": -0.027701574768448152,
  "1,1,0|S": 0.07764707297550094,
  "0,1,1|S": 0.1201979948882583,
  "0,1,1|N": 0.12571676984472283,
  "0,1,1|O": 0.09213151218064783,
  "0,1,1|F": 0.07626652288591108,
  "0,0,1|N": 5.452744351070951,
  "0,0,1|O": 3.721193715747248,
  "0,0,1|F": 9.996941347246311
}