{
  "1,1,1|F": 0.6727669706079408,
  "1,1,1|N": 0.7642985517579841,
  "1,1,1|S": 0.799093951240857,
  "1,1,1|E": 0.8330551838206551,
  "1,1,1|O": 0.8053750248919845,
  "0,1,1|S": 1.0932144441343024,
  "0,1,1|N": 1.017622316327762,
  "0,1,1|O": 2.1235473999818852,
  "0,1,1|F": 1.038518173164574,
  "0,0,1|N": 1.4721965795942185,
  "0,0,1|O": 1.6239140843846924,
  "0,0,1|F": 2.4689096043711602,
  "1,1,0|N": 0.2764239119756812,
  "1,1,0|E": 0.981380976916196,
  "1,1,0|O": 0.6062325383434508,
  "1,1,0|S": 0.34132463232944077,
  "1,1,0|F": -0.19781366866148523,
  "1,0,1|N": 1.1276413505673106,
  "1,0,1|E": 1.1572497892389695,
  "1,0,1|O": 1.1548195739438,
  "1,0,1|F": 1.0609474265397534
}