{
  "1,1,1|S": -0.9972614936337301,
  "1,1,1|N": -0.9972599860863571,
  "1,1,1|E": -0.9971684232630311,
  "1,1,1|O": -0.9972091129851692,
  "1,1,1|F": -0.9972601601819557
}