{
  "1,1,1|S": 0.6018170898290139,
  "1,1,1|N": -0.020232468910715947,
  "1,1,1|E": 3.6041355300279228,
  "1,1,1|O": 0.3070944166181973,
  "1,1,1|F": 0.25295920169418196,
  "1,1,0|N": 0.5677646128903133,
  "1,1,0|E": 0.5639983697707742,
  "1,0,1|N": 0.3603838019361373,
  "1,0,1|E": 7.605622301675489,
  "1,0,1|O": 0.36322173670814717,
  "1,0,1|F": 0.30277567605618744,
  "1,1,0|O": 0.5113337744786829,
  "1,1,0|F": 0.45029520963064285,
  "1,1,0|S": 0.570627869558922,
  "0,1,1|S": 8.539914113383105,
  "0,1,1|N": 0.005592059374039934,
  "0,1,1|O": 1.7059837631710844,
  "0,1,1|F": 0.31688331953285004,
  "0,0,1|N": 6.314689224497355,
  "0,0,1|O": 7.3242672309204515,
  "0,0,1|F": 9.999999999999979
}