{
  "1,1,1|F": -0.99734071757242,
  "1,1,1|N": -0.9973737554204759,
  "1,1,1|S": -0.9974628069223316,
  "1,1,1|E": -0.9973635118227238,
  "1,1,1|O": -0.9973942171975989
}