{
  "1,1,1|F": 1.5128703093988995,
  "1,1,1|E": 2.1440925628768364,
  "1,1,1|O": 0.9936974973742745,
  "1,1,1|N": 1.4814105294336553,
  "1,1,1|S": 1.7582219454917134,
  "1,1,0|N": 1.1106445362610327,
  "1,1,0|S": 1.680496995616401,
  "1,0,1|E": 2.128788040523418,
  "1,0,1|O": 1.4570334661802082,
  "1,0,1|F": 1.3951001286914955,
  "1,0,1|N": 1.4941773213994505,
  "1,1,0|O": 1.160979296150573,
  "0,0,1|N": 1.094993153364726,
  "0,0,1|O": 1.1081984543200731,
  "1,1,0|F": 1.2408766559602684,
  "0,0,1|F": 2.935560870150938,
  "0,1,1|N": 1.5449877630391722,
  "0,1,1|F": 0.9808916120062383,
  "0,1,1|S": 2.5255599392143395,
  "0,1,1|O": 0.9637712080281184,
  "1,1,0|E": 1.5188438391919121
}