{
  "1,1,1|N": 1.6235281287727035,
  "1,1,1|S": 2.820670500459061,
  "1,1,1|E": 5.82743530825397,
  "1,1,1|O": 3.1304055646703377,
  "1,1,1|F": 3.149660242342595,
  "1,1,0|F": 2.3822596494388177,
  "1,1,0|N": 2.3504483682874016,
  "0,1,1|N": 5.325629501097536,
  "0,1,1|S": 8.383647825979994,
  "0,1,1|O": 4.308546808354928,
  "0,1,1|F": 4.117442847155291,
  "0,0,1|N": 5.783788366666374,
  "0,0,1|F": 9.964974054818633,
  "0,0,1|O": 5.949224482859973,
  "1,0,1|N": 1.3190456437529021,
  "1,1,0|E": 2.4299439282261446,
  "1,1,0|S": 2.7007177764702055,
  "1,1,0|O": 1.5418168575241396,
  "1,0,1|E": 9.039133921239888,
  "1,0,1|O": 3.813404814161355,
  "1,0,1|F": 1.7235658920731232
}